path,labels
test/0.jpg,SILVER SPOT SKIPPER
test/1.jpg,SILVER SPOT SKIPPER
test/10.jpg,RED SPOTTED PURPLE
test/100.jpg,ULYSES
test/101.jpg,GREEN HAIRSTREAK
test/102.jpg,GOLD BANDED
test/103.jpg,AN 88
test/104.jpg,LUNA MOTH
test/105.jpg,GREEN CELLED CATTLEHEART
test/106.jpg,SOUTHERN DOGFACE
test/107.jpg,EASTERN DAPPLE WHITE
test/108.jpg,EASTERN PINE ELFIN
test/109.jpg,ORANGE OAKLEAF
test/11.jpg,CLOUDED SULPHUR
test/110.jpg,GREY HAIRSTREAK
test/111.jpg,INDRA SWALLOW
test/112.jpg,ATLAS MOTH
test/113.jpg,CHECQUERED SKIPPER
test/114.jpg,BIRD CHERRY ERMINE MOTH
test/115.jpg,COMET MOTH
test/116.jpg,AFRICAN GIANT SWALLOWTAIL
test/117.jpg,HERCULES MOTH
test/118.jpg,GIANT LEOPARD MOTH
test/119.jpg,WHITE LINED SPHINX MOTH
test/12.jpg,RED SPOTTED PURPLE
test/120.jpg,SOUTHERN DOGFACE
test/121.jpg,PURPLISH COPPER
test/122.jpg,PURPLE HAIRSTREAK
test/123.jpg,SCARCE SWALLOW
test/124.jpg,BLUE SPOTTED CROW
test/125.jpg,ORANGE OAKLEAF
test/126.jpg,BANDED PEACOCK
test/127.jpg,APPOLLO
test/128.jpg,CLEARWING MOTH
test/129.jpg,BECKERS WHITE
test/13.jpg,EASTERN DAPPLE WHITE
test/130.jpg,APPOLLO
test/131.jpg,TROPICAL LEAFWING
test/132.jpg,BECKERS WHITE
test/133.jpg,EASTERN DAPPLE WHITE
test/134.jpg,SILVER SPOT SKIPPER
test/135.jpg,PINE WHITE
test/136.jpg,ELBOWED PIERROT
test/137.jpg,COPPER TAIL
test/138.jpg,Iphiclus sister
test/139.jpg,ARCIGERA FLOWER MOTH
test/14.jpg,ULYSES
test/140.jpg,MESTRA
test/141.jpg,SOUTHERN DOGFACE
test/142.jpg,EASTERN COMA
test/143.jpg,PAINTED LADY
test/144.jpg,EASTERN COMA
test/145.jpg,CABBAGE WHITE
test/146.jpg,MOURNING CLOAK
test/147.jpg,Iphiclus sister
test/148.jpg,ZEBRA LONG WING
test/149.jpg,GREY HAIRSTREAK
test/15.jpg,PINE WHITE
test/150.jpg,CLEOPATRA
test/151.jpg,RED ADMIRAL
test/152.jpg,MADAGASCAN SUNSET MOTH
test/153.jpg,SOUTHERN DOGFACE
test/154.jpg,ELBOWED PIERROT
test/155.jpg,AFRICAN GIANT SWALLOWTAIL
test/156.jpg,MOURNING CLOAK
test/157.jpg,TROPICAL LEAFWING
test/158.jpg,COMMON BANDED AWL
test/159.jpg,COMET MOTH
test/16.jpg,BIRD CHERRY ERMINE MOTH
test/160.jpg,SIXSPOT BURNET MOTH
test/161.jpg,JULIA
test/162.jpg,CINNABAR MOTH
test/163.jpg,DANAID EGGFLY
test/164.jpg,CABBAGE WHITE
test/165.jpg,BROWN SIPROETA
test/166.jpg,CABBAGE WHITE
test/167.jpg,AFRICAN GIANT SWALLOWTAIL
test/168.jpg,SILVER SPOT SKIPPER
test/169.jpg,ZEBRA LONG WING
test/17.jpg,TWO BARRED FLASHER
test/170.jpg,PIPEVINE SWALLOW
test/171.jpg,SOOTYWING
test/172.jpg,MANGROVE SKIPPER
test/173.jpg,COMET MOTH
test/174.jpg,CRIMSON PATCH
test/175.jpg,RED ADMIRAL
test/176.jpg,APPOLLO
test/177.jpg,COMMON BANDED AWL
test/178.jpg,BECKERS WHITE
test/179.jpg,LARGE MARBLE
test/18.jpg,BANDED PEACOCK
test/180.jpg,GREEN CELLED CATTLEHEART
test/181.jpg,CHECQUERED SKIPPER
test/182.jpg,GREEN HAIRSTREAK
test/183.jpg,TROPICAL LEAFWING
test/184.jpg,CLOUDED SULPHUR
test/185.jpg,BANDED TIGER MOTH
test/186.jpg,EASTERN DAPPLE WHITE
test/187.jpg,PURPLE HAIRSTREAK
test/188.jpg,CABBAGE WHITE
test/189.jpg,CHALK HILL BLUE
test/19.jpg,TROPICAL LEAFWING
test/190.jpg,CABBAGE WHITE
test/191.jpg,ORCHARD SWALLOW
test/192.jpg,BECKERS WHITE
test/193.jpg,ELBOWED PIERROT
test/194.jpg,MILBERTS TORTOISESHELL
test/195.jpg,HUMMING BIRD HAWK MOTH
test/196.jpg,INDRA SWALLOW
test/197.jpg,EASTERN DAPPLE WHITE
test/198.jpg,METALMARK
test/199.jpg,WHITE LINED SPHINX MOTH
test/2.jpg,ELBOWED PIERROT
test/20.jpg,STRAITED QUEEN
test/200.jpg,CABBAGE WHITE
test/201.jpg,RED POSTMAN
test/202.jpg,SOUTHERN DOGFACE
test/203.jpg,OLEANDER HAWK MOTH
test/204.jpg,ELBOWED PIERROT
test/205.jpg,JULIA
test/206.jpg,BECKERS WHITE
test/207.jpg,MALACHITE
test/208.jpg,GOLD BANDED
test/209.jpg,ARCIGERA FLOWER MOTH
test/21.jpg,EASTERN DAPPLE WHITE
test/210.jpg,EASTERN DAPPLE WHITE
test/211.jpg,EASTERN DAPPLE WHITE
test/212.jpg,HERCULES MOTH
test/213.jpg,LUNA MOTH
test/214.jpg,Iphiclus sister
test/215.jpg,GREEN CELLED CATTLEHEART
test/216.jpg,CRECENT
test/217.jpg,OLEANDER HAWK MOTH
test/218.jpg,OLEANDER HAWK MOTH
test/219.jpg,GARDEN TIGER MOTH
test/22.jpg,EASTERN DAPPLE WHITE
test/220.jpg,PINE WHITE
test/221.jpg,ARCIGERA FLOWER MOTH
test/222.jpg,SIXSPOT BURNET MOTH
test/223.jpg,CABBAGE WHITE
test/224.jpg,EASTERN COMA
test/225.jpg,AN 88
test/226.jpg,BIRD CHERRY ERMINE MOTH
test/227.jpg,SOUTHERN DOGFACE
test/228.jpg,GREAT JAY
test/229.jpg,IO MOTH
test/23.jpg,BROWN ARGUS
test/230.jpg,MONARCH
test/231.jpg,CHALK HILL BLUE
test/232.jpg,EASTERN DAPPLE WHITE
test/233.jpg,GREAT JAY
test/234.jpg,STRAITED QUEEN
test/235.jpg,GIANT LEOPARD MOTH
test/236.jpg,LARGE MARBLE
test/237.jpg,POPINJAY
test/238.jpg,AFRICAN GIANT SWALLOWTAIL
test/239.jpg,COMET MOTH
test/24.jpg,SILVER SPOT SKIPPER
test/240.jpg,GIANT LEOPARD MOTH
test/241.jpg,CABBAGE WHITE
test/242.jpg,LUNA MOTH
test/243.jpg,AFRICAN GIANT SWALLOWTAIL
test/244.jpg,VICEROY
test/245.jpg,POPINJAY
test/246.jpg,BANDED TIGER MOTH
test/247.jpg,SOUTHERN DOGFACE
test/248.jpg,EASTERN DAPPLE WHITE
test/249.jpg,ZEBRA LONG WING
test/25.jpg,BROWN ARGUS
test/250.jpg,EMPEROR GUM MOTH
test/251.jpg,TROPICAL LEAFWING
test/252.jpg,MESTRA
test/253.jpg,MADAGASCAN SUNSET MOTH
test/254.jpg,ARCIGERA FLOWER MOTH
test/255.jpg,COMET MOTH
test/256.jpg,PURPLE HAIRSTREAK
test/257.jpg,Iphiclus sister
test/258.jpg,LUNA MOTH
test/259.jpg,EASTERN PINE ELFIN
test/26.jpg,BIRD CHERRY ERMINE MOTH
test/260.jpg,Iphiclus sister
test/261.jpg,COMET MOTH
test/262.jpg,GREEN HAIRSTREAK
test/263.jpg,METALMARK
test/264.jpg,GLITTERING SAPPHIRE
test/265.jpg,DANAID EGGFLY
test/266.jpg,CHALK HILL BLUE
test/267.jpg,DANAID EGGFLY
test/268.jpg,GREAT EGGFLY
test/269.jpg,EASTERN DAPPLE WHITE
test/27.jpg,ORANGE OAKLEAF
test/270.jpg,EASTERN DAPPLE WHITE
test/271.jpg,Iphiclus sister
test/272.jpg,ARCIGERA FLOWER MOTH
test/273.jpg,BANDED TIGER MOTH
test/274.jpg,IO MOTH
test/275.jpg,JULIA
test/276.jpg,BANDED TIGER MOTH
test/277.jpg,GREAT JAY
test/278.jpg,BROWN SIPROETA
test/279.jpg,MADAGASCAN SUNSET MOTH
test/28.jpg,RED ADMIRAL
test/280.jpg,BANDED TIGER MOTH
test/281.jpg,TWO BARRED FLASHER
test/282.jpg,LUNA MOTH
test/283.jpg,MOURNING CLOAK
test/284.jpg,BROWN ARGUS
test/285.jpg,GREAT JAY
test/286.jpg,Iphiclus sister
test/287.jpg,ELBOWED PIERROT
test/288.jpg,CINNABAR MOTH
test/289.jpg,PAINTED LADY
test/29.jpg,CRIMSON PATCH
test/290.jpg,RED CRACKER
test/291.jpg,ZEBRA LONG WING
test/292.jpg,STRAITED QUEEN
test/293.jpg,PINE WHITE
test/294.jpg,CLEARWING MOTH
test/295.jpg,MONARCH
test/296.jpg,GLITTERING SAPPHIRE
test/297.jpg,CLOUDED SULPHUR
test/298.jpg,CHALK HILL BLUE
test/299.jpg,GREEN HAIRSTREAK
test/3.jpg,AN 88
test/30.jpg,GOLD BANDED
test/300.jpg,COMMON WOOD-NYMPH
test/301.jpg,ARCIGERA FLOWER MOTH
test/302.jpg,LUNA MOTH
test/303.jpg,JULIA
test/304.jpg,AN 88
test/305.jpg,BROWN ARGUS
test/306.jpg,HUMMING BIRD HAWK MOTH
test/307.jpg,COMET MOTH
test/308.jpg,CHALK HILL BLUE
test/309.jpg,EASTERN COMA
test/31.jpg,CABBAGE WHITE
test/310.jpg,BROWN ARGUS
test/311.jpg,ARCIGERA FLOWER MOTH
test/312.jpg,BIRD CHERRY ERMINE MOTH
test/313.jpg,CLOUDED SULPHUR
test/314.jpg,JULIA
test/315.jpg,TROPICAL LEAFWING
test/316.jpg,CLEARWING MOTH
test/317.jpg,SOOTYWING
test/318.jpg,AN 88
test/319.jpg,TWO BARRED FLASHER
test/32.jpg,CLOUDED SULPHUR
test/320.jpg,COMMON WOOD-NYMPH
test/321.jpg,POLYPHEMUS MOTH
test/322.jpg,MILBERTS TORTOISESHELL
test/323.jpg,RED SPOTTED PURPLE
test/324.jpg,RED SPOTTED PURPLE
test/325.jpg,GIANT LEOPARD MOTH
test/326.jpg,BANDED TIGER MOTH
test/327.jpg,Iphiclus sister
test/328.jpg,MANGROVE SKIPPER
test/329.jpg,ORANGE TIP
test/33.jpg,COMMON WOOD-NYMPH
test/330.jpg,TWO BARRED FLASHER
test/331.jpg,AN 88
test/332.jpg,CABBAGE WHITE
test/333.jpg,SOUTHERN DOGFACE
test/334.jpg,ZEBRA LONG WING
test/335.jpg,IO MOTH
test/336.jpg,GREEN HAIRSTREAK
test/337.jpg,ADONIS
test/338.jpg,Iphiclus sister
test/339.jpg,MESTRA
test/34.jpg,IO MOTH
test/340.jpg,OLEANDER HAWK MOTH
test/341.jpg,Iphiclus sister
test/342.jpg,MILBERTS TORTOISESHELL
test/343.jpg,CLEARWING MOTH
test/344.jpg,RED CRACKER
test/345.jpg,CINNABAR MOTH
test/346.jpg,GLITTERING SAPPHIRE
test/347.jpg,OLEANDER HAWK MOTH
test/348.jpg,AFRICAN GIANT SWALLOWTAIL
test/349.jpg,CHECQUERED SKIPPER
test/35.jpg,ORCHARD SWALLOW
test/350.jpg,BROOKES BIRDWING
test/351.jpg,CRIMSON PATCH
test/352.jpg,ELBOWED PIERROT
test/353.jpg,ROSY MAPLE MOTH
test/354.jpg,ORCHARD SWALLOW
test/355.jpg,GREEN HAIRSTREAK
test/356.jpg,BECKERS WHITE
test/357.jpg,BROOKES BIRDWING
test/358.jpg,CABBAGE WHITE
test/359.jpg,GOLD BANDED
test/36.jpg,HUMMING BIRD HAWK MOTH
test/360.jpg,MONARCH
test/361.jpg,CABBAGE WHITE
test/362.jpg,GREEN CELLED CATTLEHEART
test/363.jpg,ULYSES
test/364.jpg,CLOUDED SULPHUR
test/365.jpg,BANDED TIGER MOTH
test/366.jpg,ADONIS
test/367.jpg,METALMARK
test/368.jpg,CAIRNS BIRDWING
test/369.jpg,BROWN ARGUS
test/37.jpg,EASTERN DAPPLE WHITE
test/370.jpg,CLOUDED SULPHUR
test/371.jpg,ZEBRA LONG WING
test/372.jpg,GLITTERING SAPPHIRE
test/373.jpg,APPOLLO
test/374.jpg,QUESTION MARK
test/375.jpg,SOOTYWING
test/376.jpg,GIANT LEOPARD MOTH
test/377.jpg,SOUTHERN DOGFACE
test/378.jpg,BANDED TIGER MOTH
test/379.jpg,GREY HAIRSTREAK
test/38.jpg,MONARCH
test/380.jpg,IO MOTH
test/381.jpg,GREY HAIRSTREAK
test/382.jpg,ULYSES
test/383.jpg,CABBAGE WHITE
test/384.jpg,SIXSPOT BURNET MOTH
test/385.jpg,POPINJAY
test/386.jpg,CRECENT
test/387.jpg,RED SPOTTED PURPLE
test/388.jpg,CABBAGE WHITE
test/389.jpg,CLEOPATRA
test/39.jpg,RED SPOTTED PURPLE
test/390.jpg,BLUE SPOTTED CROW
test/391.jpg,GREEN HAIRSTREAK
test/392.jpg,SILVER SPOT SKIPPER
test/393.jpg,GIANT LEOPARD MOTH
test/394.jpg,TWO BARRED FLASHER
test/395.jpg,MILBERTS TORTOISESHELL
test/396.jpg,Iphiclus sister
test/397.jpg,OLEANDER HAWK MOTH
test/398.jpg,JULIA
test/399.jpg,BECKERS WHITE
test/4.jpg,MONARCH
test/40.jpg,RED SPOTTED PURPLE
test/400.jpg,MILBERTS TORTOISESHELL
test/401.jpg,JULIA
test/402.jpg,SILVER SPOT SKIPPER
test/403.jpg,ORCHARD SWALLOW
test/404.jpg,CLOUDED SULPHUR
test/405.jpg,PEACOCK
test/406.jpg,JULIA
test/407.jpg,CABBAGE WHITE
test/408.jpg,AN 88
test/409.jpg,EASTERN COMA
test/41.jpg,INDRA SWALLOW
test/410.jpg,IO MOTH
test/411.jpg,CHALK HILL BLUE
test/412.jpg,MALACHITE
test/413.jpg,BLACK HAIRSTREAK
test/414.jpg,SIXSPOT BURNET MOTH
test/415.jpg,BLACK HAIRSTREAK
test/416.jpg,CHALK HILL BLUE
test/417.jpg,HUMMING BIRD HAWK MOTH
test/418.jpg,IO MOTH
test/419.jpg,BROOKES BIRDWING
test/42.jpg,JULIA
test/420.jpg,GREY HAIRSTREAK
test/421.jpg,BECKERS WHITE
test/422.jpg,GREAT JAY
test/423.jpg,CABBAGE WHITE
test/424.jpg,PINE WHITE
test/425.jpg,LUNA MOTH
test/426.jpg,BANDED PEACOCK
test/427.jpg,ATLAS MOTH
test/428.jpg,CABBAGE WHITE
test/429.jpg,PURPLISH COPPER
test/43.jpg,AMERICAN SNOOT
test/430.jpg,SILVER SPOT SKIPPER
test/431.jpg,CABBAGE WHITE
test/432.jpg,APPOLLO
test/433.jpg,EASTERN DAPPLE WHITE
test/434.jpg,ZEBRA LONG WING
test/435.jpg,BROWN SIPROETA
test/436.jpg,COMMON WOOD-NYMPH
test/437.jpg,DANAID EGGFLY
test/438.jpg,BLUE MORPHO
test/439.jpg,GREEN HAIRSTREAK
test/44.jpg,ADONIS
test/440.jpg,METALMARK
test/441.jpg,ELBOWED PIERROT
test/442.jpg,LUNA MOTH
test/443.jpg,ARCIGERA FLOWER MOTH
test/444.jpg,APPOLLO
test/445.jpg,JULIA
test/446.jpg,WOOD SATYR
test/447.jpg,TWO BARRED FLASHER
test/448.jpg,APPOLLO
test/449.jpg,ARCIGERA FLOWER MOTH
test/45.jpg,JULIA
test/450.jpg,CABBAGE WHITE
test/451.jpg,CHALK HILL BLUE
test/452.jpg,PURPLISH COPPER
test/453.jpg,ELBOWED PIERROT
test/454.jpg,CHESTNUT
test/455.jpg,ZEBRA LONG WING
test/456.jpg,GREAT JAY
test/457.jpg,CHECQUERED SKIPPER
test/458.jpg,CABBAGE WHITE
test/459.jpg,CLOUDED SULPHUR
test/46.jpg,LARGE MARBLE
test/460.jpg,INDRA SWALLOW
test/461.jpg,SOUTHERN DOGFACE
test/462.jpg,BANDED TIGER MOTH
test/463.jpg,AFRICAN GIANT SWALLOWTAIL
test/464.jpg,GREAT EGGFLY
test/465.jpg,ZEBRA LONG WING
test/466.jpg,EASTERN COMA
test/467.jpg,CLOUDED SULPHUR
test/468.jpg,EASTERN DAPPLE WHITE
test/469.jpg,ATALA
test/47.jpg,ADONIS
test/470.jpg,GOLD BANDED
test/471.jpg,APPOLLO
test/472.jpg,RED ADMIRAL
test/473.jpg,LARGE MARBLE
test/474.jpg,ADONIS
test/475.jpg,STRAITED QUEEN
test/476.jpg,CABBAGE WHITE
test/477.jpg,ARCIGERA FLOWER MOTH
test/478.jpg,CHALK HILL BLUE
test/479.jpg,MADAGASCAN SUNSET MOTH
test/48.jpg,ORANGE TIP
test/480.jpg,CINNABAR MOTH
test/481.jpg,ELBOWED PIERROT
test/482.jpg,BROOKES BIRDWING
test/483.jpg,ULYSES
test/484.jpg,ROSY MAPLE MOTH
test/485.jpg,BROWN SIPROETA
test/486.jpg,CLEOPATRA
test/487.jpg,Iphiclus sister
test/488.jpg,GREEN HAIRSTREAK
test/489.jpg,DANAID EGGFLY
test/49.jpg,AFRICAN GIANT SWALLOWTAIL
test/490.jpg,HERCULES MOTH
test/491.jpg,PAINTED LADY
test/492.jpg,BROWN ARGUS
test/493.jpg,CLEOPATRA
test/494.jpg,PAPER KITE
test/495.jpg,MESTRA
test/496.jpg,SILVER SPOT SKIPPER
test/497.jpg,MILBERTS TORTOISESHELL
test/498.jpg,CHECQUERED SKIPPER
test/499.jpg,CABBAGE WHITE
test/5.jpg,SOUTHERN DOGFACE
test/50.jpg,METALMARK
test/500.jpg,COMMON WOOD-NYMPH
test/501.jpg,PIPEVINE SWALLOW
test/502.jpg,STRAITED QUEEN
test/503.jpg,EASTERN COMA
test/504.jpg,ATALA
test/505.jpg,IO MOTH
test/506.jpg,APPOLLO
test/507.jpg,MADAGASCAN SUNSET MOTH
test/508.jpg,TROPICAL LEAFWING
test/509.jpg,GREEN CELLED CATTLEHEART
test/51.jpg,GREEN HAIRSTREAK
test/510.jpg,RED ADMIRAL
test/511.jpg,EASTERN DAPPLE WHITE
test/512.jpg,APPOLLO
test/513.jpg,GREAT JAY
test/514.jpg,CLEOPATRA
test/515.jpg,GREY HAIRSTREAK
test/516.jpg,Iphiclus sister
test/517.jpg,MESTRA
test/518.jpg,ORANGE TIP
test/519.jpg,COMET MOTH
test/52.jpg,CABBAGE WHITE
test/520.jpg,SCARCE SWALLOW
test/521.jpg,QUESTION MARK
test/522.jpg,EASTERN COMA
test/523.jpg,BECKERS WHITE
test/524.jpg,BROOKES BIRDWING
test/525.jpg,POPINJAY
test/526.jpg,GREAT JAY
test/527.jpg,OLEANDER HAWK MOTH
test/528.jpg,RED POSTMAN
test/529.jpg,BANDED PEACOCK
test/53.jpg,MOURNING CLOAK
test/530.jpg,SOUTHERN DOGFACE
test/531.jpg,ADONIS
test/532.jpg,AMERICAN SNOOT
test/533.jpg,MILBERTS TORTOISESHELL
test/534.jpg,ADONIS
test/535.jpg,EASTERN COMA
test/536.jpg,GREY HAIRSTREAK
test/537.jpg,AFRICAN GIANT SWALLOWTAIL
test/538.jpg,BIRD CHERRY ERMINE MOTH
test/539.jpg,CABBAGE WHITE
test/54.jpg,COMET MOTH
test/540.jpg,IO MOTH
test/541.jpg,BROWN SIPROETA
test/542.jpg,ORANGE TIP
test/543.jpg,CABBAGE WHITE
test/544.jpg,HUMMING BIRD HAWK MOTH
test/545.jpg,APPOLLO
test/546.jpg,AN 88
test/547.jpg,PINE WHITE
test/548.jpg,BLUE SPOTTED CROW
test/549.jpg,COMET MOTH
test/55.jpg,EASTERN COMA
test/550.jpg,ELBOWED PIERROT
test/551.jpg,ROSY MAPLE MOTH
test/552.jpg,BIRD CHERRY ERMINE MOTH
test/553.jpg,CLEOPATRA
test/554.jpg,PAINTED LADY
test/555.jpg,METALMARK
test/556.jpg,ARCIGERA FLOWER MOTH
test/557.jpg,EASTERN COMA
test/558.jpg,ROSY MAPLE MOTH
test/559.jpg,Iphiclus sister
test/56.jpg,EASTERN DAPPLE WHITE
test/560.jpg,COMMON BANDED AWL
test/561.jpg,WHITE LINED SPHINX MOTH
test/562.jpg,CLOUDED SULPHUR
test/563.jpg,ULYSES
test/564.jpg,PEACOCK
test/565.jpg,ARCIGERA FLOWER MOTH
test/566.jpg,MALACHITE
test/567.jpg,CLOUDED SULPHUR
test/568.jpg,COMET MOTH
test/569.jpg,HUMMING BIRD HAWK MOTH
test/57.jpg,JULIA
test/570.jpg,COMMON BANDED AWL
test/571.jpg,BLUE SPOTTED CROW
test/572.jpg,POLYPHEMUS MOTH
test/573.jpg,SCARCE SWALLOW
test/574.jpg,RED CRACKER
test/575.jpg,CLOUDED SULPHUR
test/576.jpg,CABBAGE WHITE
test/577.jpg,PINE WHITE
test/578.jpg,EASTERN DAPPLE WHITE
test/579.jpg,BECKERS WHITE
test/58.jpg,BLACK HAIRSTREAK
test/580.jpg,ROSY MAPLE MOTH
test/581.jpg,ROSY MAPLE MOTH
test/582.jpg,ROSY MAPLE MOTH
test/583.jpg,ADONIS
test/584.jpg,PEACOCK
test/585.jpg,RED POSTMAN
test/586.jpg,POPINJAY
test/587.jpg,BIRD CHERRY ERMINE MOTH
test/588.jpg,ULYSES
test/589.jpg,ROSY MAPLE MOTH
test/59.jpg,RED ADMIRAL
test/590.jpg,GREEN HAIRSTREAK
test/591.jpg,APPOLLO
test/592.jpg,EASTERN DAPPLE WHITE
test/593.jpg,EASTERN DAPPLE WHITE
test/594.jpg,CLOUDED SULPHUR
test/595.jpg,BECKERS WHITE
test/596.jpg,BANDED ORANGE HELICONIAN
test/597.jpg,DANAID EGGFLY
test/598.jpg,CRECENT
test/599.jpg,COMET MOTH
test/6.jpg,ZEBRA LONG WING
test/60.jpg,CLOUDED SULPHUR
test/600.jpg,BANDED PEACOCK
test/601.jpg,ORANGE OAKLEAF
test/602.jpg,BROWN SIPROETA
test/603.jpg,GREAT EGGFLY
test/604.jpg,RED POSTMAN
test/605.jpg,EASTERN DAPPLE WHITE
test/606.jpg,SOUTHERN DOGFACE
test/607.jpg,AN 88
test/608.jpg,ULYSES
test/609.jpg,EASTERN DAPPLE WHITE
test/61.jpg,WOOD SATYR
test/610.jpg,MILBERTS TORTOISESHELL
test/611.jpg,ORANGE TIP
test/612.jpg,CHECQUERED SKIPPER
test/613.jpg,PAINTED LADY
test/614.jpg,ULYSES
test/615.jpg,BROOKES BIRDWING
test/616.jpg,HUMMING BIRD HAWK MOTH
test/617.jpg,GREEN HAIRSTREAK
test/618.jpg,CINNABAR MOTH
test/619.jpg,COMMON BANDED AWL
test/62.jpg,ADONIS
test/620.jpg,RED POSTMAN
test/621.jpg,SOOTYWING
test/622.jpg,HUMMING BIRD HAWK MOTH
test/623.jpg,CHECQUERED SKIPPER
test/624.jpg,EASTERN COMA
test/625.jpg,GREAT JAY
test/626.jpg,AN 88
test/627.jpg,ADONIS
test/628.jpg,CABBAGE WHITE
test/629.jpg,LUNA MOTH
test/63.jpg,CRIMSON PATCH
test/630.jpg,PINE WHITE
test/631.jpg,CABBAGE WHITE
test/632.jpg,PURPLISH COPPER
test/633.jpg,BANDED PEACOCK
test/634.jpg,VICEROY
test/635.jpg,PURPLE HAIRSTREAK
test/636.jpg,BANDED PEACOCK
test/637.jpg,CINNABAR MOTH
test/638.jpg,GREEN HAIRSTREAK
test/639.jpg,CABBAGE WHITE
test/64.jpg,BANDED TIGER MOTH
test/640.jpg,OLEANDER HAWK MOTH
test/641.jpg,METALMARK
test/642.jpg,MESTRA
test/643.jpg,BROWN SIPROETA
test/644.jpg,ORANGE TIP
test/645.jpg,MONARCH
test/646.jpg,ARCIGERA FLOWER MOTH
test/647.jpg,AN 88
test/648.jpg,POPINJAY
test/649.jpg,ATLAS MOTH
test/65.jpg,ARCIGERA FLOWER MOTH
test/650.jpg,EASTERN COMA
test/651.jpg,CLEOPATRA
test/652.jpg,WOOD SATYR
test/653.jpg,COMET MOTH
test/654.jpg,EASTERN COMA
test/655.jpg,CLEOPATRA
test/656.jpg,COMMON BANDED AWL
test/657.jpg,SIXSPOT BURNET MOTH
test/658.jpg,EASTERN PINE ELFIN
test/659.jpg,CABBAGE WHITE
test/66.jpg,BANDED ORANGE HELICONIAN
test/660.jpg,GLITTERING SAPPHIRE
test/661.jpg,LUNA MOTH
test/662.jpg,ZEBRA LONG WING
test/663.jpg,CRIMSON PATCH
test/664.jpg,ARCIGERA FLOWER MOTH
test/665.jpg,BANDED ORANGE HELICONIAN
test/666.jpg,DANAID EGGFLY
test/667.jpg,BROWN SIPROETA
test/668.jpg,EASTERN DAPPLE WHITE
test/669.jpg,EASTERN COMA
test/67.jpg,GOLD BANDED
test/670.jpg,CINNABAR MOTH
test/671.jpg,TROPICAL LEAFWING
test/672.jpg,BANDED ORANGE HELICONIAN
test/673.jpg,LUNA MOTH
test/674.jpg,JULIA
test/675.jpg,RED ADMIRAL
test/676.jpg,MOURNING CLOAK
test/677.jpg,BECKERS WHITE
test/678.jpg,CLOUDED SULPHUR
test/679.jpg,METALMARK
test/68.jpg,ORCHARD SWALLOW
test/680.jpg,ORANGE TIP
test/681.jpg,OLEANDER HAWK MOTH
test/682.jpg,RED POSTMAN
test/683.jpg,ULYSES
test/684.jpg,BROOKES BIRDWING
test/685.jpg,OLEANDER HAWK MOTH
test/686.jpg,WOOD SATYR
test/687.jpg,OLEANDER HAWK MOTH
test/688.jpg,BLACK HAIRSTREAK
test/689.jpg,ULYSES
test/69.jpg,CRECENT
test/690.jpg,ELBOWED PIERROT
test/691.jpg,SOUTHERN DOGFACE
test/692.jpg,GREEN CELLED CATTLEHEART
test/693.jpg,SOOTYWING
test/694.jpg,BECKERS WHITE
test/695.jpg,GREAT JAY
test/696.jpg,SCARCE SWALLOW
test/697.jpg,TROPICAL LEAFWING
test/698.jpg,INDRA SWALLOW
test/699.jpg,COMMON BANDED AWL
test/7.jpg,RED CRACKER
test/70.jpg,ELBOWED PIERROT
test/700.jpg,SIXSPOT BURNET MOTH
test/701.jpg,PIPEVINE SWALLOW
test/702.jpg,BROOKES BIRDWING
test/703.jpg,GREY HAIRSTREAK
test/704.jpg,TWO BARRED FLASHER
test/705.jpg,ADONIS
test/706.jpg,PURPLISH COPPER
test/707.jpg,SCARCE SWALLOW
test/708.jpg,SILVER SPOT SKIPPER
test/709.jpg,EASTERN DAPPLE WHITE
test/71.jpg,MILBERTS TORTOISESHELL
test/710.jpg,GARDEN TIGER MOTH
test/711.jpg,EASTERN DAPPLE WHITE
test/712.jpg,GREAT EGGFLY
test/713.jpg,RED POSTMAN
test/714.jpg,ELBOWED PIERROT
test/715.jpg,PAINTED LADY
test/716.jpg,WOOD SATYR
test/717.jpg,PIPEVINE SWALLOW
test/718.jpg,PAINTED LADY
test/719.jpg,PEACOCK
test/72.jpg,ATALA
test/720.jpg,AFRICAN GIANT SWALLOWTAIL
test/721.jpg,CABBAGE WHITE
test/722.jpg,BANDED PEACOCK
test/723.jpg,CRIMSON PATCH
test/724.jpg,CABBAGE WHITE
test/725.jpg,COMMON BANDED AWL
test/726.jpg,SILVER SPOT SKIPPER
test/727.jpg,Iphiclus sister
test/728.jpg,GREEN CELLED CATTLEHEART
test/729.jpg,RED POSTMAN
test/73.jpg,GREEN HAIRSTREAK
test/730.jpg,SOUTHERN DOGFACE
test/731.jpg,BANDED PEACOCK
test/732.jpg,GREEN CELLED CATTLEHEART
test/733.jpg,RED CRACKER
test/734.jpg,CLEOPATRA
test/735.jpg,ROSY MAPLE MOTH
test/736.jpg,CHALK HILL BLUE
test/737.jpg,EASTERN DAPPLE WHITE
test/738.jpg,GARDEN TIGER MOTH
test/739.jpg,ADONIS
test/74.jpg,CHESTNUT
test/740.jpg,PURPLISH COPPER
test/741.jpg,STRAITED QUEEN
test/742.jpg,GREEN HAIRSTREAK
test/743.jpg,PEACOCK
test/744.jpg,ARCIGERA FLOWER MOTH
test/745.jpg,ROSY MAPLE MOTH
test/746.jpg,BROWN ARGUS
test/747.jpg,ELBOWED PIERROT
test/748.jpg,SLEEPY ORANGE
test/749.jpg,COMMON BANDED AWL
test/75.jpg,COMMON WOOD-NYMPH
test/750.jpg,GREEN CELLED CATTLEHEART
test/751.jpg,PURPLISH COPPER
test/752.jpg,PURPLISH COPPER
test/753.jpg,RED ADMIRAL
test/754.jpg,CLEARWING MOTH
test/755.jpg,OLEANDER HAWK MOTH
test/756.jpg,BECKERS WHITE
test/757.jpg,ADONIS
test/758.jpg,GREY HAIRSTREAK
test/759.jpg,INDRA SWALLOW
test/76.jpg,CLOUDED SULPHUR
test/760.jpg,GREEN CELLED CATTLEHEART
test/761.jpg,CABBAGE WHITE
test/762.jpg,APPOLLO
test/763.jpg,CLEARWING MOTH
test/764.jpg,ARCIGERA FLOWER MOTH
test/765.jpg,CAIRNS BIRDWING
test/766.jpg,BANDED ORANGE HELICONIAN
test/767.jpg,ADONIS
test/768.jpg,COMET MOTH
test/769.jpg,BANDED PEACOCK
test/77.jpg,RED ADMIRAL
test/770.jpg,PURPLISH COPPER
test/771.jpg,GREEN HAIRSTREAK
test/772.jpg,POPINJAY
test/773.jpg,TROPICAL LEAFWING
test/774.jpg,ARCIGERA FLOWER MOTH
test/775.jpg,BANDED TIGER MOTH
test/776.jpg,CHALK HILL BLUE
test/777.jpg,EASTERN DAPPLE WHITE
test/778.jpg,BIRD CHERRY ERMINE MOTH
test/779.jpg,CLOUDED SULPHUR
test/78.jpg,GREAT JAY
test/780.jpg,VICEROY
test/781.jpg,MOURNING CLOAK
test/782.jpg,LUNA MOTH
test/783.jpg,OLEANDER HAWK MOTH
test/784.jpg,OLEANDER HAWK MOTH
test/785.jpg,GREAT JAY
test/786.jpg,ORANGE TIP
test/787.jpg,BLUE SPOTTED CROW
test/788.jpg,GLITTERING SAPPHIRE
test/789.jpg,LUNA MOTH
test/79.jpg,CAIRNS BIRDWING
test/790.jpg,PEACOCK
test/791.jpg,LUNA MOTH
test/792.jpg,GREAT JAY
test/793.jpg,PINE WHITE
test/794.jpg,RED POSTMAN
test/795.jpg,QUESTION MARK
test/796.jpg,METALMARK
test/797.jpg,MESTRA
test/798.jpg,GREAT EGGFLY
test/799.jpg,BANDED PEACOCK
test/8.jpg,BANDED ORANGE HELICONIAN
test/80.jpg,GREAT EGGFLY
test/800.jpg,APPOLLO
test/801.jpg,COMET MOTH
test/802.jpg,PAINTED LADY
test/803.jpg,EASTERN DAPPLE WHITE
test/804.jpg,GOLD BANDED
test/805.jpg,SCARCE SWALLOW
test/806.jpg,BROOKES BIRDWING
test/807.jpg,BROWN ARGUS
test/808.jpg,PINE WHITE
test/809.jpg,SOUTHERN DOGFACE
test/81.jpg,GREEN HAIRSTREAK
test/810.jpg,BANDED PEACOCK
test/811.jpg,BROWN ARGUS
test/812.jpg,WHITE LINED SPHINX MOTH
test/813.jpg,SIXSPOT BURNET MOTH
test/814.jpg,SOUTHERN DOGFACE
test/815.jpg,CHECQUERED SKIPPER
test/816.jpg,GREEN HAIRSTREAK
test/817.jpg,PIPEVINE SWALLOW
test/818.jpg,CABBAGE WHITE
test/819.jpg,ADONIS
test/82.jpg,GREEN CELLED CATTLEHEART
test/820.jpg,GREEN HAIRSTREAK
test/821.jpg,YELLOW SWALLOW TAIL
test/822.jpg,PIPEVINE SWALLOW
test/823.jpg,OLEANDER HAWK MOTH
test/824.jpg,APPOLLO
test/825.jpg,YELLOW SWALLOW TAIL
test/826.jpg,MILBERTS TORTOISESHELL
test/827.jpg,CAIRNS BIRDWING
test/828.jpg,GREAT JAY
test/829.jpg,SOUTHERN DOGFACE
test/83.jpg,SOUTHERN DOGFACE
test/830.jpg,GREAT EGGFLY
test/831.jpg,SLEEPY ORANGE
test/832.jpg,CLEOPATRA
test/833.jpg,POPINJAY
test/834.jpg,EASTERN DAPPLE WHITE
test/835.jpg,CABBAGE WHITE
test/836.jpg,EASTERN COMA
test/837.jpg,BANDED ORANGE HELICONIAN
test/838.jpg,LUNA MOTH
test/839.jpg,COMMON BANDED AWL
test/84.jpg,ARCIGERA FLOWER MOTH
test/840.jpg,Iphiclus sister
test/841.jpg,CHALK HILL BLUE
test/842.jpg,APPOLLO
test/843.jpg,BANDED TIGER MOTH
test/844.jpg,MONARCH
test/845.jpg,IO MOTH
test/846.jpg,BROWN SIPROETA
test/847.jpg,COMET MOTH
test/848.jpg,MADAGASCAN SUNSET MOTH
test/849.jpg,ADONIS
test/85.jpg,CHECQUERED SKIPPER
test/850.jpg,OLEANDER HAWK MOTH
test/851.jpg,CHALK HILL BLUE
test/852.jpg,Iphiclus sister
test/853.jpg,BROWN ARGUS
test/854.jpg,LARGE MARBLE
test/855.jpg,CHALK HILL BLUE
test/856.jpg,BLACK HAIRSTREAK
test/857.jpg,PAINTED LADY
test/858.jpg,PIPEVINE SWALLOW
test/859.jpg,CLOUDED SULPHUR
test/86.jpg,COMET MOTH
test/860.jpg,OLEANDER HAWK MOTH
test/861.jpg,ADONIS
test/862.jpg,MANGROVE SKIPPER
test/863.jpg,CHECQUERED SKIPPER
test/864.jpg,CHECQUERED SKIPPER
test/865.jpg,DANAID EGGFLY
test/866.jpg,PAPER KITE
test/867.jpg,EASTERN DAPPLE WHITE
test/868.jpg,BANDED ORANGE HELICONIAN
test/869.jpg,TWO BARRED FLASHER
test/87.jpg,BLACK HAIRSTREAK
test/870.jpg,BECKERS WHITE
test/871.jpg,ADONIS
test/872.jpg,JULIA
test/873.jpg,EASTERN PINE ELFIN
test/874.jpg,OLEANDER HAWK MOTH
test/875.jpg,CABBAGE WHITE
test/876.jpg,CINNABAR MOTH
test/877.jpg,GREEN HAIRSTREAK
test/878.jpg,PEACOCK
test/879.jpg,TWO BARRED FLASHER
test/88.jpg,PAINTED LADY
test/880.jpg,GREEN HAIRSTREAK
test/881.jpg,PIPEVINE SWALLOW
test/882.jpg,PINE WHITE
test/883.jpg,SOUTHERN DOGFACE
test/884.jpg,BANDED ORANGE HELICONIAN
test/885.jpg,EASTERN DAPPLE WHITE
test/886.jpg,BECKERS WHITE
test/887.jpg,HUMMING BIRD HAWK MOTH
test/888.jpg,CLOUDED SULPHUR
test/889.jpg,GREEN CELLED CATTLEHEART
test/89.jpg,CABBAGE WHITE
test/890.jpg,GARDEN TIGER MOTH
test/891.jpg,LUNA MOTH
test/892.jpg,OLEANDER HAWK MOTH
test/893.jpg,ELBOWED PIERROT
test/894.jpg,MOURNING CLOAK
test/895.jpg,GLITTERING SAPPHIRE
test/896.jpg,EASTERN DAPPLE WHITE
test/897.jpg,CLEARWING MOTH
test/898.jpg,GREAT JAY
test/899.jpg,JULIA
test/9.jpg,ATALA
test/90.jpg,BANDED TIGER MOTH
test/900.jpg,METALMARK
test/901.jpg,GIANT LEOPARD MOTH
test/902.jpg,SOUTHERN DOGFACE
test/903.jpg,TROPICAL LEAFWING
test/904.jpg,HUMMING BIRD HAWK MOTH
test/905.jpg,APPOLLO
test/906.jpg,SIXSPOT BURNET MOTH
test/907.jpg,ATALA
test/908.jpg,CHALK HILL BLUE
test/909.jpg,ADONIS
test/91.jpg,GOLD BANDED
test/910.jpg,ORANGE OAKLEAF
test/911.jpg,PAPER KITE
test/912.jpg,ELBOWED PIERROT
test/913.jpg,ADONIS
test/914.jpg,COMMON WOOD-NYMPH
test/915.jpg,ORANGE TIP
test/916.jpg,CLOUDED SULPHUR
test/917.jpg,MILBERTS TORTOISESHELL
test/918.jpg,CINNABAR MOTH
test/919.jpg,MESTRA
test/92.jpg,CABBAGE WHITE
test/920.jpg,LUNA MOTH
test/921.jpg,COMMON BANDED AWL
test/922.jpg,OLEANDER HAWK MOTH
test/923.jpg,EASTERN DAPPLE WHITE
test/924.jpg,GREEN HAIRSTREAK
test/925.jpg,SILVER SPOT SKIPPER
test/926.jpg,ZEBRA LONG WING
test/927.jpg,IO MOTH
test/928.jpg,PURPLE HAIRSTREAK
test/929.jpg,ARCIGERA FLOWER MOTH
test/93.jpg,BANDED PEACOCK
test/930.jpg,PEACOCK
test/931.jpg,MADAGASCAN SUNSET MOTH
test/932.jpg,EASTERN DAPPLE WHITE
test/933.jpg,OLEANDER HAWK MOTH
test/934.jpg,ARCIGERA FLOWER MOTH
test/935.jpg,SILVER SPOT SKIPPER
test/936.jpg,EASTERN PINE ELFIN
test/937.jpg,CRECENT
test/938.jpg,ADONIS
test/939.jpg,ORCHARD SWALLOW
test/94.jpg,ATLAS MOTH
test/940.jpg,CHESTNUT
test/941.jpg,OLEANDER HAWK MOTH
test/942.jpg,HUMMING BIRD HAWK MOTH
test/943.jpg,ARCIGERA FLOWER MOTH
test/944.jpg,APPOLLO
test/945.jpg,PURPLISH COPPER
test/946.jpg,GOLD BANDED
test/947.jpg,Iphiclus sister
test/948.jpg,EMPEROR GUM MOTH
test/949.jpg,BECKERS WHITE
test/95.jpg,ORANGE TIP
test/950.jpg,DANAID EGGFLY
test/951.jpg,TROPICAL LEAFWING
test/952.jpg,GARDEN TIGER MOTH
test/953.jpg,ULYSES
test/954.jpg,MONARCH
test/955.jpg,HERCULES MOTH
test/956.jpg,ELBOWED PIERROT
test/957.jpg,ORANGE TIP
test/958.jpg,PAINTED LADY
test/959.jpg,GIANT LEOPARD MOTH
test/96.jpg,WOOD SATYR
test/960.jpg,ZEBRA LONG WING
test/961.jpg,CHALK HILL BLUE
test/962.jpg,CINNABAR MOTH
test/963.jpg,MONARCH
test/964.jpg,GOLD BANDED
test/965.jpg,GREEN CELLED CATTLEHEART
test/966.jpg,JULIA
test/967.jpg,BROWN SIPROETA
test/968.jpg,CLOUDED SULPHUR
test/969.jpg,MANGROVE SKIPPER
test/97.jpg,ROSY MAPLE MOTH
test/970.jpg,GARDEN TIGER MOTH
test/971.jpg,OLEANDER HAWK MOTH
test/972.jpg,COMET MOTH
test/973.jpg,MALACHITE
test/974.jpg,PURPLISH COPPER
test/975.jpg,SOOTYWING
test/976.jpg,ADONIS
test/977.jpg,ARCIGERA FLOWER MOTH
test/978.jpg,BANDED ORANGE HELICONIAN
test/979.jpg,WOOD SATYR
test/98.jpg,BIRD CHERRY ERMINE MOTH
test/980.jpg,BROOKES BIRDWING
test/981.jpg,BLACK HAIRSTREAK
test/982.jpg,ATLAS MOTH
test/983.jpg,COMMON BANDED AWL
test/984.jpg,CABBAGE WHITE
test/985.jpg,CABBAGE WHITE
test/986.jpg,PURPLISH COPPER
test/987.jpg,JULIA
test/988.jpg,CINNABAR MOTH
test/989.jpg,PURPLISH COPPER
test/99.jpg,COMMON BANDED AWL
test/990.jpg,AFRICAN GIANT SWALLOWTAIL
test/991.jpg,SOUTHERN DOGFACE
test/992.jpg,CLEOPATRA
test/993.jpg,MESTRA
test/994.jpg,GREEN HAIRSTREAK
test/995.jpg,GREEN HAIRSTREAK
test/996.jpg,SIXSPOT BURNET MOTH
test/997.jpg,SCARCE SWALLOW
test/998.jpg,EASTERN DAPPLE WHITE
test/999.jpg,PAINTED LADY
